asof,S,r,q,T,K,type,mid,bid,ask,volume,openInterest,expiration
2026-02-21,397.2300109863281,0.03,0.0,0.00362397358228691,325.0,C,72.30000000000001,70.4,74.2,1.0,1.0,2026-02-23
2026-02-21,397.2300109863281,0.03,0.0,0.00362397358228691,355.0,C,42.25,40.3,44.2,1.0,0.0,2026-02-23
2026-02-21,397.2300109863281,0.03,0.0,0.00362397358228691,360.0,C,37.05,35.55,38.55,10.0,0.0,2026-02-23
2026-02-21,397.2300109863281,0.03,0.0,0.00362397358228691,362.5,C,34.8,32.9,36.7,60.0,0.0,2026-02-23
2026-02-21,397.2300109863281,0.03,0.0,0.00362397358228691,365.0,C,32.35,30.45,34.25,2.0,0.0,2026-02-23
2026-02-21,397.2300109863281,0.03,0.0,0.00362397358228691,367.5,C,29.725,27.85,31.6,170.0,0.0,2026-02-23
2026-02-21,397.2300109863281,0.03,0.0,0.00362397358228691,370.0,C,27.125,25.6,28.65,120.0,2.0,2026-02-23
2026-02-21,397.2300109863281,0.03,0.0,0.00362397358228691,372.5,C,24.525,23.1,25.95,60.0,0.0,2026-02-23
2026-02-21,397.2300109863281,0.03,0.0,0.00362397358228691,375.0,C,21.925,20.6,23.25,240.0,0.0,2026-02-23
2026-02-21,397.2300109863281,0.03,0.0,0.00362397358228691,377.5,C,19.45,18.15,20.75,21.0,0.0,2026-02-23
2026-02-21,397.2300109863281,0.03,0.0,0.00362397358228691,380.0,C,17.200000000000003,16.05,18.35,33.0,11.0,2026-02-23
2026-02-21,397.2300109863281,0.03,0.0,0.00362397358228691,382.5,C,14.55,13.3,15.8,85.0,80.0,2026-02-23
2026-02-21,397.2300109863281,0.03,0.0,0.00362397358228691,385.0,C,12.675,11.95,13.4,13.0,78.0,2026-02-23
2026-02-21,397.2300109863281,0.03,0.0,0.00362397358228691,387.5,C,9.899999999999999,9.2,10.6,9.0,181.0,2026-02-23
2026-02-21,397.2300109863281,0.03,0.0,0.00362397358228691,390.0,C,7.8999999999999995,7.6,8.2,214.0,328.0,2026-02-23
2026-02-21,397.2300109863281,0.03,0.0,0.00362397358228691,392.5,C,5.925,5.8,6.05,531.0,257.0,2026-02-23
2026-02-21,397.2300109863281,0.03,0.0,0.00362397358228691,395.0,C,4.125,4.05,4.2,2448.0,542.0,2026-02-23
2026-02-21,397.2300109863281,0.03,0.0,0.00362397358228691,397.5,C,2.665,2.63,2.7,6334.0,1038.0,2026-02-23
2026-02-21,397.2300109863281,0.03,0.0,0.00362397358228691,400.0,C,1.595,1.56,1.63,13879.0,1922.0,2026-02-23
2026-02-21,397.2300109863281,0.03,0.0,0.00362397358228691,402.5,C,0.895,0.88,0.91,4182.0,1635.0,2026-02-23
2026-02-21,397.2300109863281,0.03,0.0,0.00362397358228691,405.0,C,0.51,0.48,0.54,8429.0,2059.0,2026-02-23
2026-02-21,397.2300109863281,0.03,0.0,0.00362397358228691,407.5,C,0.275,0.26,0.29,3815.0,1287.0,2026-02-23
2026-02-21,397.2300109863281,0.03,0.0,0.00362397358228691,410.0,C,0.16,0.15,0.17,3761.0,1652.0,2026-02-23
2026-02-21,397.2300109863281,0.03,0.0,0.00362397358228691,412.5,C,0.10500000000000001,0.1,0.11,741.0,465.0,2026-02-23
2026-02-21,397.2300109863281,0.03,0.0,0.00362397358228691,415.0,C,0.065,0.05,0.08,1652.0,1467.0,2026-02-23
2026-02-21,397.2300109863281,0.03,0.0,0.00362397358228691,417.5,C,0.05500000000000001,0.04,0.07,292.0,250.0,2026-02-23
2026-02-21,397.2300109863281,0.03,0.0,0.00362397358228691,420.0,C,0.045,0.04,0.05,310.0,1034.0,2026-02-23
2026-02-21,397.2300109863281,0.03,0.0,0.00362397358228691,422.5,C,0.045,0.03,0.06,316.0,268.0,2026-02-23
2026-02-21,397.2300109863281,0.03,0.0,0.00362397358228691,425.0,C,0.04,0.03,0.05,1111.0,572.0,2026-02-23
2026-02-21,397.2300109863281,0.03,0.0,0.00362397358228691,427.5,C,0.035,0.02,0.05,47.0,162.0,2026-02-23
2026-02-21,397.2300109863281,0.03,0.0,0.00362397358228691,430.0,C,0.025,0.01,0.04,410.0,833.0,2026-02-23
2026-02-21,397.2300109863281,0.03,0.0,0.00362397358228691,432.5,C,0.025,0.01,0.04,2.0,658.0,2026-02-23
2026-02-21,397.2300109863281,0.03,0.0,0.00362397358228691,435.0,C,0.025,0.01,0.04,477.0,233.0,2026-02-23
2026-02-21,397.2300109863281,0.03,0.0,0.00362397358228691,437.5,C,0.025,0.01,0.04,30.0,416.0,2026-02-23
2026-02-21,397.2300109863281,0.03,0.0,0.00362397358228691,440.0,C,0.025,0.01,0.04,38.0,166.0,2026-02-23
2026-02-21,397.2300109863281,0.03,0.0,0.00362397358228691,442.5,C,0.02,0.01,0.03,2.0,110.0,2026-02-23
2026-02-21,397.2300109863281,0.03,0.0,0.00362397358228691,445.0,C,0.025,0.01,0.04,27.0,209.0,2026-02-23
2026-02-21,397.2300109863281,0.03,0.0,0.00362397358228691,447.5,C,0.02,0.01,0.03,2.0,7.0,2026-02-23
2026-02-21,397.2300109863281,0.03,0.0,0.00362397358228691,450.0,C,0.025,0.01,0.04,30.0,575.0,2026-02-23
2026-02-21,397.2300109863281,0.03,0.0,0.00362397358228691,362.5,P,0.015,0.01,0.02,15.0,147.0,2026-02-23
2026-02-21,397.2300109863281,0.03,0.0,0.00362397358228691,365.0,P,0.03,0.02,0.04,103.0,154.0,2026-02-23
2026-02-21,397.2300109863281,0.03,0.0,0.00362397358228691,367.5,P,0.03,0.02,0.04,3.0,278.0,2026-02-23
2026-02-21,397.2300109863281,0.03,0.0,0.00362397358228691,370.0,P,0.045,0.03,0.06,86.0,555.0,2026-02-23
2026-02-21,397.2300109863281,0.03,0.0,0.00362397358228691,372.5,P,0.05,0.04,0.06,293.0,347.0,2026-02-23
2026-02-21,397.2300109863281,0.03,0.0,0.00362397358228691,375.0,P,0.075,0.06,0.09,119.0,908.0,2026-02-23
2026-02-21,397.2300109863281,0.03,0.0,0.00362397358228691,377.5,P,0.095,0.08,0.11,279.0,111.0,2026-02-23
2026-02-21,397.2300109863281,0.03,0.0,0.00362397358228691,380.0,P,0.125,0.11,0.14,536.0,3494.0,2026-02-23
2026-02-21,397.2300109863281,0.03,0.0,0.00362397358228691,382.5,P,0.185,0.16,0.21,532.0,290.0,2026-02-23
2026-02-21,397.2300109863281,0.03,0.0,0.00362397358228691,385.0,P,0.275,0.25,0.3,2623.0,1085.0,2026-02-23
2026-02-21,397.2300109863281,0.03,0.0,0.00362397358228691,387.5,P,0.42500000000000004,0.4,0.45,915.0,1729.0,2026-02-23
2026-02-21,397.2300109863281,0.03,0.0,0.00362397358228691,390.0,P,0.6699999999999999,0.64,0.7,1897.0,699.0,2026-02-23
2026-02-21,397.2300109863281,0.03,0.0,0.00362397358228691,392.5,P,1.0899999999999999,1.05,1.13,1495.0,489.0,2026-02-23
2026-02-21,397.2300109863281,0.03,0.0,0.00362397358228691,395.0,P,1.78,1.72,1.84,7133.0,633.0,2026-02-23
2026-02-21,397.2300109863281,0.03,0.0,0.00362397358228691,397.5,P,2.825,2.76,2.89,2488.0,520.0,2026-02-23
2026-02-21,397.2300109863281,0.03,0.0,0.00362397358228691,400.0,P,4.25,4.15,4.35,1532.0,688.0,2026-02-23
2026-02-21,397.2300109863281,0.03,0.0,0.00362397358228691,402.5,P,6.075,5.95,6.2,222.0,617.0,2026-02-23
2026-02-21,397.2300109863281,0.03,0.0,0.00362397358228691,405.0,P,8.45,7.4,9.5,136.0,538.0,2026-02-23
2026-02-21,397.2300109863281,0.03,0.0,0.00362397358228691,407.5,P,10.45,9.5,11.4,23.0,149.0,2026-02-23
2026-02-21,397.2300109863281,0.03,0.0,0.00362397358228691,410.0,P,13.175,11.8,14.55,73.0,236.0,2026-02-23
2026-02-21,397.2300109863281,0.03,0.0,0.00362397358228691,412.5,P,15.7,14.4,17.0,15.0,47.0,2026-02-23
2026-02-21,397.2300109863281,0.03,0.0,0.00362397358228691,415.0,P,18.2,16.9,19.5,30.0,67.0,2026-02-23
2026-02-21,397.2300109863281,0.03,0.0,0.00362397358228691,417.5,P,20.675,19.35,22.0,2.0,5.0,2026-02-23
2026-02-21,397.2300109863281,0.03,0.0,0.00362397358228691,420.0,P,23.075000000000003,21.85,24.3,13.0,16.0,2026-02-23
2026-02-21,397.2300109863281,0.03,0.0,0.00362397358228691,422.5,P,25.475,23.95,27.0,1.0,2.0,2026-02-23
2026-02-21,397.2300109863281,0.03,0.0,0.00362397358228691,425.0,P,28.175,26.85,29.5,168.0,47.0,2026-02-23
2026-02-21,397.2300109863281,0.03,0.0,0.00362397358228691,427.5,P,30.599999999999998,29.15,32.05,1.0,0.0,2026-02-23
2026-02-21,397.2300109863281,0.03,0.0,0.00362397358228691,430.0,P,33.175,31.85,34.5,180.0,1.0,2026-02-23
2026-02-21,397.2300109863281,0.03,0.0,0.00362397358228691,435.0,P,37.675,36.05,39.3,5.0,0.0,2026-02-23
2026-02-21,397.2300109863281,0.03,0.0,0.00362397358228691,437.5,P,40.3,38.5,42.1,76.0,1.0,2026-02-23
2026-02-21,397.2300109863281,0.03,0.0,0.00362397358228691,440.0,P,42.75,40.9,44.6,61.0,5.0,2026-02-23
2026-02-21,397.2300109863281,0.03,0.0,0.00362397358228691,442.5,P,45.25,43.4,47.1,1.0,0.0,2026-02-23
2026-02-21,397.2300109863281,0.03,0.0,0.00362397358228691,445.0,P,47.75,45.9,49.6,18.0,2.0,2026-02-23
2026-02-21,397.2300109863281,0.03,0.0,0.00362397358228691,450.0,P,52.725,50.85,54.6,112.0,17.0,2026-02-23
2026-02-21,397.2300109863281,0.03,0.0,0.00362397358228691,455.0,P,57.8,55.9,59.7,11.0,0.0,2026-02-23
2026-02-21,397.2300109863281,0.03,0.0,0.00362397358228691,470.0,P,72.75,70.8,74.7,40.0,0.0,2026-02-23
2026-02-21,397.2300109863281,0.03,0.0,0.00910342563708143,350.0,C,47.225,45.6,48.85,10.0,2.0,2026-02-25
2026-02-21,397.2300109863281,0.03,0.0,0.00910342563708143,355.0,C,42.175,40.95,43.4,46.0,46.0,2026-02-25
2026-02-21,397.2300109863281,0.03,0.0,0.00910342563708143,360.0,C,37.0,36.1,37.9,2.0,0.0,2026-02-25
2026-02-21,397.2300109863281,0.03,0.0,0.00910342563708143,362.5,C,34.474999999999994,33.05,35.9,,0.0,2026-02-25
2026-02-21,397.2300109863281,0.03,0.0,0.00910342563708143,365.0,C,32.125,30.8,33.45,75.0,0.0,2026-02-25
2026-02-21,397.2300109863281,0.03,0.0,0.00910342563708143,367.5,C,29.675,28.35,31.0,,0.0,2026-02-25
2026-02-21,397.2300109863281,0.03,0.0,0.00910342563708143,370.0,C,27.225,25.9,28.55,2.0,0.0,2026-02-25
2026-02-21,397.2300109863281,0.03,0.0,0.00910342563708143,380.0,C,17.700000000000003,16.35,19.05,3.0,4.0,2026-02-25
2026-02-21,397.2300109863281,0.03,0.0,0.00910342563708143,385.0,C,13.4,13.05,13.75,35.0,27.0,2026-02-25
2026-02-21,397.2300109863281,0.03,0.0,0.00910342563708143,387.5,C,11.475000000000001,11.15,11.8,402.0,19.0,2026-02-25
2026-02-21,397.2300109863281,0.03,0.0,0.00910342563708143,390.0,C,9.475,9.2,9.75,544.0,100.0,2026-02-25
2026-02-21,397.2300109863281,0.03,0.0,0.00910342563708143,392.5,C,7.575,7.4,7.75,82.0,48.0,2026-02-25
2026-02-21,397.2300109863281,0.03,0.0,0.00910342563708143,395.0,C,5.975,5.8,6.15,558.0,94.0,2026-02-25
2026-02-21,397.2300109863281,0.03,0.0,0.00910342563708143,397.5,C,4.5,4.35,4.65,811.0,115.0,2026-02-25
2026-02-21,397.2300109863281,0.03,0.0,0.00910342563708143,400.0,C,3.35,3.2,3.5,2104.0,892.0,2026-02-25
2026-02-21,397.2300109863281,0.03,0.0,0.00910342563708143,402.5,C,2.44,2.34,2.54,754.0,393.0,2026-02-25
2026-02-21,397.2300109863281,0.03,0.0,0.00910342563708143,405.0,C,1.71,1.67,1.75,2654.0,759.0,2026-02-25
2026-02-21,397.2300109863281,0.03,0.0,0.00910342563708143,407.5,C,1.17,1.1,1.24,932.0,256.0,2026-02-25
2026-02-21,397.2300109863281,0.03,0.0,0.00910342563708143,410.0,C,0.8049999999999999,0.76,0.85,5194.0,1426.0,2026-02-25
2026-02-21,397.2300109863281,0.03,0.0,0.00910342563708143,412.5,C,0.5449999999999999,0.5,0.59,240.0,129.0,2026-02-25
2026-02-21,397.2300109863281,0.03,0.0,0.00910342563708143,415.0,C,0.38,0.35,0.41,429.0,393.0,2026-02-25
2026-02-21,397.2300109863281,0.03,0.0,0.00910342563708143,417.5,C,0.27,0.21,0.33,106.0,93.0,2026-02-25
2026-02-21,397.2300109863281,0.03,0.0,0.00910342563708143,420.0,C,0.185,0.15,0.22,464.0,1068.0,2026-02-25
2026-02-21,397.2300109863281,0.03,0.0,0.00910342563708143,422.5,C,0.16,0.1,0.22,34.0,69.0,2026-02-25
2026-02-21,397.2300109863281,0.03,0.0,0.00910342563708143,425.0,C,0.12000000000000001,0.07,0.17,185.0,361.0,2026-02-25
2026-02-21,397.2300109863281,0.03,0.0,0.00910342563708143,427.5,C,0.10500000000000001,0.04,0.17,99.0,87.0,2026-02-25
2026-02-21,397.2300109863281,0.03,0.0,0.00910342563708143,430.0,C,0.07500000000000001,0.05,0.1,189.0,129.0,2026-02-25
2026-02-21,397.2300109863281,0.03,0.0,0.00910342563708143,432.5,C,0.085,0.03,0.14,10.0,149.0,2026-02-25
2026-02-21,397.2300109863281,0.03,0.0,0.00910342563708143,435.0,C,0.065,0.05,0.08,97.0,255.0,2026-02-25
2026-02-21,397.2300109863281,0.03,0.0,0.00910342563708143,437.5,C,0.07,0.01,0.13,30.0,244.0,2026-02-25
2026-02-21,397.2300109863281,0.03,0.0,0.00910342563708143,355.0,P,0.060000000000000005,0.02,0.1,74.0,7.0,2026-02-25
2026-02-21,397.2300109863281,0.03,0.0,0.00910342563708143,357.5,P,0.085,0.01,0.16,4.0,105.0,2026-02-25
2026-02-21,397.2300109863281,0.03,0.0,0.00910342563708143,360.0,P,0.12000000000000001,0.07,0.17,100.0,221.0,2026-02-25
2026-02-21,397.2300109863281,0.03,0.0,0.00910342563708143,362.5,P,0.13,0.06,0.2,3.0,186.0,2026-02-25
2026-02-21,397.2300109863281,0.03,0.0,0.00910342563708143,365.0,P,0.16,0.09,0.23,64.0,261.0,2026-02-25
2026-02-21,397.2300109863281,0.03,0.0,0.00910342563708143,367.5,P,0.16999999999999998,0.13,0.21,6.0,308.0,2026-02-25
2026-02-21,397.2300109863281,0.03,0.0,0.00910342563708143,370.0,P,0.235,0.21,0.26,107.0,169.0,2026-02-25
2026-02-21,397.2300109863281,0.03,0.0,0.00910342563708143,372.5,P,0.32499999999999996,0.24,0.41,94.0,50.0,2026-02-25
2026-02-21,397.2300109863281,0.03,0.0,0.00910342563708143,375.0,P,0.38,0.33,0.43,429.0,203.0,2026-02-25
2026-02-21,397.2300109863281,0.03,0.0,0.00910342563708143,377.5,P,0.495,0.45,0.54,65.0,124.0,2026-02-25
2026-02-21,397.2300109863281,0.03,0.0,0.00910342563708143,380.0,P,0.655,0.61,0.7,173.0,130.0,2026-02-25
2026-02-21,397.2300109863281,0.03,0.0,0.00910342563708143,385.0,P,1.15,1.07,1.23,815.0,1000.0,2026-02-25
2026-02-21,397.2300109863281,0.03,0.0,0.00910342563708143,387.5,P,1.5150000000000001,1.37,1.66,337.0,169.0,2026-02-25
2026-02-21,397.2300109863281,0.03,0.0,0.00910342563708143,390.0,P,2.045,1.95,2.14,764.0,455.0,2026-02-25
2026-02-21,397.2300109863281,0.03,0.0,0.00910342563708143,392.5,P,2.73,2.61,2.85,332.0,143.0,2026-02-25
2026-02-21,397.2300109863281,0.03,0.0,0.00910342563708143,395.0,P,3.575,3.45,3.7,419.0,188.0,2026-02-25
2026-02-21,397.2300109863281,0.03,0.0,0.00910342563708143,397.5,P,4.65,4.5,4.8,386.0,205.0,2026-02-25
2026-02-21,397.2300109863281,0.03,0.0,0.00910342563708143,400.0,P,6.025,5.85,6.2,277.0,455.0,2026-02-25
2026-02-21,397.2300109863281,0.03,0.0,0.00910342563708143,402.5,P,7.6,7.4,7.8,22.0,68.0,2026-02-25
2026-02-21,397.2300109863281,0.03,0.0,0.00910342563708143,405.0,P,9.350000000000001,9.15,9.55,1827.0,93.0,2026-02-25
2026-02-21,397.2300109863281,0.03,0.0,0.00910342563708143,407.5,P,11.5,11.1,11.9,911.0,31.0,2026-02-25
2026-02-21,397.2300109863281,0.03,0.0,0.00910342563708143,410.0,P,13.850000000000001,12.55,15.15,20.0,36.0,2026-02-25
2026-02-21,397.2300109863281,0.03,0.0,0.00910342563708143,412.5,P,16.1,14.8,17.4,2.0,64.0,2026-02-25
2026-02-21,397.2300109863281,0.03,0.0,0.00910342563708143,415.0,P,18.45,17.15,19.75,10.0,25.0,2026-02-25
2026-02-21,397.2300109863281,0.03,0.0,0.00910342563708143,417.5,P,20.85,19.55,22.15,5.0,10.0,2026-02-25
2026-02-21,397.2300109863281,0.03,0.0,0.00910342563708143,420.0,P,23.075,21.95,24.2,62.0,73.0,2026-02-25
2026-02-21,397.2300109863281,0.03,0.0,0.00910342563708143,422.5,P,25.45,24.4,26.5,84.0,6.0,2026-02-25
2026-02-21,397.2300109863281,0.03,0.0,0.00910342563708143,425.0,P,28.2,26.9,29.5,2.0,4.0,2026-02-25
2026-02-21,397.2300109863281,0.03,0.0,0.00910342563708143,427.5,P,30.225,28.55,31.9,1.0,1.0,2026-02-25
2026-02-21,397.2300109863281,0.03,0.0,0.00910342563708143,430.0,P,33.075,31.6,34.55,30.0,0.0,2026-02-25
2026-02-21,397.2300109863281,0.03,0.0,0.00910342563708143,432.5,P,35.7,34.35,37.05,30.0,0.0,2026-02-25
2026-02-21,397.2300109863281,0.03,0.0,0.00910342563708143,435.0,P,37.925,36.4,39.45,95.0,95.0,2026-02-25
2026-02-21,397.2300109863281,0.03,0.0,0.00910342563708143,437.5,P,40.275000000000006,38.35,42.2,1.0,0.0,2026-02-25
2026-02-21,397.2300109863281,0.03,0.0,0.00910342563708143,440.0,P,42.725,40.75,44.7,4.0,0.0,2026-02-25
2026-02-21,397.2300109863281,0.03,0.0,0.00910342563708143,445.0,P,47.75,45.9,49.6,4.0,0.0,2026-02-25
2026-02-21,397.2300109863281,0.03,0.0,0.00910342563708143,465.0,P,67.80000000000001,65.9,69.7,8.0,0.0,2026-02-25
2026-02-21,397.2300109863281,0.03,0.0,0.00910342563708143,480.0,P,82.80000000000001,80.9,84.7,,1.0,2026-02-25
2026-02-21,397.2300109863281,0.03,0.0,0.01458287769187595,270.0,C,127.475,125.6,129.35,,0.0,2026-02-27
2026-02-21,397.2300109863281,0.03,0.0,0.01458287769187595,290.0,C,108.55000000000001,106.7,110.4,1.0,0.0,2026-02-27
2026-02-21,397.2300109863281,0.03,0.0,0.01458287769187595,300.0,C,97.475,95.55,99.4,10.0,2.0,2026-02-27
2026-02-21,397.2300109863281,0.03,0.0,0.01458287769187595,320.0,C,77.525,75.65,79.4,100.0,7.0,2026-02-27
2026-02-21,397.2300109863281,0.03,0.0,0.01458287769187595,325.0,C,72.55000000000001,70.7,74.4,2.0,1.0,2026-02-27
2026-02-21,397.2300109863281,0.03,0.0,0.01458287769187595,330.0,C,67.55000000000001,65.65,69.45,2.0,0.0,2026-02-27
2026-02-21,397.2300109863281,0.03,0.0,0.01458287769187595,335.0,C,62.525000000000006,60.65,64.4,140.0,0.0,2026-02-27
2026-02-21,397.2300109863281,0.03,0.0,0.01458287769187595,340.0,C,57.5,55.65,59.35,3.0,0.0,2026-02-27
2026-02-21,397.2300109863281,0.03,0.0,0.01458287769187595,345.0,C,52.4,50.55,54.25,225.0,1.0,2026-02-27
2026-02-21,397.2300109863281,0.03,0.0,0.01458287769187595,350.0,C,47.224999999999994,45.9,48.55,1.0,12.0,2026-02-27
2026-02-21,397.2300109863281,0.03,0.0,0.01458287769187595,352.5,C,44.724999999999994,43.4,46.05,80.0,0.0,2026-02-27
2026-02-21,397.2300109863281,0.03,0.0,0.01458287769187595,355.0,C,42.25,40.95,43.55,1.0,13.0,2026-02-27
2026-02-21,397.2300109863281,0.03,0.0,0.01458287769187595,360.0,C,37.45,36.35,38.55,383.0,69.0,2026-02-27
2026-02-21,397.2300109863281,0.03,0.0,0.01458287769187595,365.0,C,32.625,31.5,33.75,4.0,17.0,2026-02-27
2026-02-21,397.2300109863281,0.03,0.0,0.01458287769187595,370.0,C,27.799999999999997,26.7,28.9,49.0,237.0,2026-02-27
2026-02-21,397.2300109863281,0.03,0.0,0.01458287769187595,372.5,C,25.4,24.25,26.55,3.0,159.0,2026-02-27
2026-02-21,397.2300109863281,0.03,0.0,0.01458287769187595,375.0,C,23.125,22.0,24.25,109.0,74.0,2026-02-27
2026-02-21,397.2300109863281,0.03,0.0,0.01458287769187595,377.5,C,20.65,19.55,21.75,5.0,11.0,2026-02-27
2026-02-21,397.2300109863281,0.03,0.0,0.01458287769187595,380.0,C,18.775,18.2,19.35,163.0,166.0,2026-02-27
2026-02-21,397.2300109863281,0.03,0.0,0.01458287769187595,382.5,C,16.325000000000003,15.05,17.6,11.0,76.0,2026-02-27
2026-02-21,397.2300109863281,0.03,0.0,0.01458287769187595,385.0,C,14.55,14.45,14.65,155.0,172.0,2026-02-27
2026-02-21,397.2300109863281,0.03,0.0,0.01458287769187595,387.5,C,12.55,12.45,12.65,101.0,69.0,2026-02-27
2026-02-21,397.2300109863281,0.03,0.0,0.01458287769187595,390.0,C,10.65,10.55,10.75,799.0,507.0,2026-02-27
2026-02-21,397.2300109863281,0.03,0.0,0.01458287769187595,392.5,C,8.925,8.85,9.0,304.0,268.0,2026-02-27
2026-02-21,397.2300109863281,0.03,0.0,0.01458287769187595,395.0,C,7.325,7.25,7.4,1379.0,450.0,2026-02-27
2026-02-21,397.2300109863281,0.03,0.0,0.01458287769187595,397.5,C,5.925,5.85,6.0,2809.0,675.0,2026-02-27
2026-02-21,397.2300109863281,0.03,0.0,0.01458287769187595,400.0,C,4.675,4.6,4.75,15033.0,4355.0,2026-02-27
2026-02-21,397.2300109863281,0.03,0.0,0.01458287769187595,402.5,C,3.625,3.55,3.7,2803.0,1595.0,2026-02-27
2026-02-21,397.2300109863281,0.03,0.0,0.01458287769187595,405.0,C,2.7750000000000004,2.72,2.83,8938.0,3939.0,2026-02-27
2026-02-21,397.2300109863281,0.03,0.0,0.01458287769187595,407.5,C,2.075,2.03,2.12,3292.0,1150.0,2026-02-27
2026-02-21,397.2300109863281,0.03,0.0,0.01458287769187595,410.0,C,1.525,1.51,1.54,5523.0,6954.0,2026-02-27
2026-02-21,397.2300109863281,0.03,0.0,0.01458287769187595,412.5,C,1.135,1.1,1.17,1639.0,4459.0,2026-02-27
2026-02-21,397.2300109863281,0.03,0.0,0.01458287769187595,415.0,C,0.8300000000000001,0.8,0.86,5280.0,4354.0,2026-02-27
2026-02-21,397.2300109863281,0.03,0.0,0.01458287769187595,417.5,C,0.6,0.57,0.63,669.0,1766.0,2026-02-27
2026-02-21,397.2300109863281,0.03,0.0,0.01458287769187595,420.0,C,0.43,0.41,0.45,3178.0,6672.0,2026-02-27
2026-02-21,397.2300109863281,0.03,0.0,0.01458287769187595,422.5,C,0.32999999999999996,0.31,0.35,586.0,571.0,2026-02-27
2026-02-21,397.2300109863281,0.03,0.0,0.01458287769187595,425.0,C,0.235,0.21,0.26,1890.0,4275.0,2026-02-27
2026-02-21,397.2300109863281,0.03,0.0,0.01458287769187595,427.5,C,0.19,0.17,0.21,191.0,249.0,2026-02-27
2026-02-21,397.2300109863281,0.03,0.0,0.01458287769187595,430.0,C,0.16,0.15,0.17,2680.0,5264.0,2026-02-27
2026-02-21,397.2300109863281,0.03,0.0,0.01458287769187595,432.5,C,0.125,0.11,0.14,66.0,190.0,2026-02-27
2026-02-21,397.2300109863281,0.03,0.0,0.01458287769187595,435.0,C,0.10500000000000001,0.1,0.11,2195.0,4550.0,2026-02-27
2026-02-21,397.2300109863281,0.03,0.0,0.01458287769187595,437.5,C,0.095,0.08,0.11,2641.0,149.0,2026-02-27
2026-02-21,397.2300109863281,0.03,0.0,0.01458287769187595,440.0,C,0.07500000000000001,0.07,0.08,725.0,2742.0,2026-02-27
2026-02-21,397.2300109863281,0.03,0.0,0.01458287769187595,442.5,C,0.065,0.05,0.08,115.0,74.0,2026-02-27
2026-02-21,397.2300109863281,0.03,0.0,0.01458287769187595,445.0,C,0.060000000000000005,0.05,0.07,1184.0,2371.0,2026-02-27
2026-02-21,397.2300109863281,0.03,0.0,0.01458287769187595,447.5,C,0.05500000000000001,0.04,0.07,1.0,139.0,2026-02-27
2026-02-21,397.2300109863281,0.03,0.0,0.01458287769187595,450.0,C,0.05,0.04,0.06,1429.0,5845.0,2026-02-27
2026-02-21,397.2300109863281,0.03,0.0,0.01458287769187595,452.5,C,0.045,0.03,0.06,9.0,87.0,2026-02-27
2026-02-21,397.2300109863281,0.03,0.0,0.01458287769187595,455.0,C,0.045,0.03,0.06,218.0,1861.0,2026-02-27
2026-02-21,397.2300109863281,0.03,0.0,0.01458287769187595,460.0,C,0.035,0.02,0.05,184.0,2777.0,2026-02-27
2026-02-21,397.2300109863281,0.03,0.0,0.01458287769187595,465.0,C,0.035,0.02,0.05,35.0,1303.0,2026-02-27
2026-02-21,397.2300109863281,0.03,0.0,0.01458287769187595,470.0,C,0.025,0.01,0.04,43.0,2204.0,2026-02-27
2026-02-21,397.2300109863281,0.03,0.0,0.01458287769187595,475.0,C,0.02,0.01,0.03,323.0,2118.0,2026-02-27
2026-02-21,397.2300109863281,0.03,0.0,0.01458287769187595,480.0,C,0.025,0.01,0.04,126.0,2216.0,2026-02-27
2026-02-21,397.2300109863281,0.03,0.0,0.01458287769187595,485.0,C,0.02,0.01,0.03,13.0,730.0,2026-02-27
2026-02-21,397.2300109863281,0.03,0.0,0.01458287769187595,490.0,C,0.02,0.01,0.03,12.0,2584.0,2026-02-27
2026-02-21,397.2300109863281,0.03,0.0,0.01458287769187595,495.0,C,0.02,0.01,0.03,31.0,1150.0,2026-02-27
2026-02-21,397.2300109863281,0.03,0.0,0.01458287769187595,500.0,C,0.02,0.01,0.03,46.0,3662.0,2026-02-27
2026-02-21,397.2300109863281,0.03,0.0,0.01458287769187595,505.0,C,0.049999999999999996,0.01,0.09,41.0,347.0,2026-02-27
2026-02-21,397.2300109863281,0.03,0.0,0.01458287769187595,510.0,C,0.045,0.01,0.08,175.0,569.0,2026-02-27
2026-02-21,397.2300109863281,0.03,0.0,0.01458287769187595,515.0,C,0.02,0.01,0.03,84.0,568.0,2026-02-27
2026-02-21,397.2300109863281,0.03,0.0,0.01458287769187595,520.0,C,0.12000000000000001,0.01,0.23,16.0,407.0,2026-02-27
2026-02-21,397.2300109863281,0.03,0.0,0.01458287769187595,525.0,C,0.02,0.01,0.03,71.0,800.0,2026-02-27
2026-02-21,397.2300109863281,0.03,0.0,0.01458287769187595,530.0,C,0.17500000000000002,0.01,0.34,29.0,790.0,2026-02-27
2026-02-21,397.2300109863281,0.03,0.0,0.01458287769187595,535.0,C,0.030000000000000002,0.01,0.05,35.0,129.0,2026-02-27
2026-02-21,397.2300109863281,0.03,0.0,0.01458287769187595,325.0,P,0.030000000000000002,0.01,0.05,36.0,181.0,2026-02-27
2026-02-21,397.2300109863281,0.03,0.0,0.01458287769187595,330.0,P,0.03,0.02,0.04,155.0,219.0,2026-02-27
2026-02-21,397.2300109863281,0.03,0.0,0.01458287769187595,340.0,P,0.035,0.02,0.05,214.0,328.0,2026-02-27
2026-02-21,397.2300109863281,0.03,0.0,0.01458287769187595,345.0,P,0.04,0.03,0.05,102.0,365.0,2026-02-27
2026-02-21,397.2300109863281,0.03,0.0,0.01458287769187595,350.0,P,0.065,0.05,0.08,1175.0,1815.0,2026-02-27
2026-02-21,397.2300109863281,0.03,0.0,0.01458287769187595,352.5,P,0.075,0.06,0.09,46.0,112.0,2026-02-27
2026-02-21,397.2300109863281,0.03,0.0,0.01458287769187595,355.0,P,0.095,0.08,0.11,101.0,1047.0,2026-02-27
2026-02-21,397.2300109863281,0.03,0.0,0.01458287769187595,357.5,P,0.12,0.11,0.13,49.0,31.0,2026-02-27
2026-02-21,397.2300109863281,0.03,0.0,0.01458287769187595,360.0,P,0.15500000000000003,0.14,0.17,1702.0,554.0,2026-02-27
2026-02-21,397.2300109863281,0.03,0.0,0.01458287769187595,362.5,P,0.21000000000000002,0.19,0.23,2715.0,718.0,2026-02-27
2026-02-21,397.2300109863281,0.03,0.0,0.01458287769187595,365.0,P,0.27,0.24,0.3,280.0,723.0,2026-02-27
2026-02-21,397.2300109863281,0.03,0.0,0.01458287769187595,367.5,P,0.345,0.31,0.38,643.0,193.0,2026-02-27
2026-02-21,397.2300109863281,0.03,0.0,0.01458287769187595,370.0,P,0.44999999999999996,0.42,0.48,645.0,2974.0,2026-02-27
2026-02-21,397.2300109863281,0.03,0.0,0.01458287769187595,372.5,P,0.575,0.54,0.61,275.0,495.0,2026-02-27
2026-02-21,397.2300109863281,0.03,0.0,0.01458287769187595,375.0,P,0.74,0.71,0.77,761.0,6487.0,2026-02-27
2026-02-21,397.2300109863281,0.03,0.0,0.01458287769187595,377.5,P,0.95,0.91,0.99,1235.0,1047.0,2026-02-27
2026-02-21,397.2300109863281,0.03,0.0,0.01458287769187595,380.0,P,1.205,1.15,1.26,982.0,2747.0,2026-02-27
2026-02-21,397.2300109863281,0.03,0.0,0.01458287769187595,382.5,P,1.5350000000000001,1.48,1.59,982.0,1886.0,2026-02-27
2026-02-21,397.2300109863281,0.03,0.0,0.01458287769187595,385.0,P,1.935,1.88,1.99,1638.0,2154.0,2026-02-27
2026-02-21,397.2300109863281,0.03,0.0,0.01458287769187595,387.5,P,2.4450000000000003,2.39,2.5,695.0,603.0,2026-02-27
2026-02-21,397.2300109863281,0.03,0.0,0.01458287769187595,390.0,P,3.075,3.0,3.15,2390.0,2790.0,2026-02-27
2026-02-21,397.2300109863281,0.03,0.0,0.01458287769187595,392.5,P,3.825,3.75,3.9,465.0,1467.0,2026-02-27
2026-02-21,397.2300109863281,0.03,0.0,0.01458287769187595,395.0,P,4.725,4.65,4.8,6084.0,3140.0,2026-02-27
2026-02-21,397.2300109863281,0.03,0.0,0.01458287769187595,397.5,P,5.825,5.75,5.9,1742.0,509.0,2026-02-27
2026-02-21,397.2300109863281,0.03,0.0,0.01458287769187595,400.0,P,7.1,7.0,7.2,2933.0,7242.0,2026-02-27
2026-02-21,397.2300109863281,0.03,0.0,0.01458287769187595,402.5,P,8.55,8.45,8.65,487.0,415.0,2026-02-27
2026-02-21,397.2300109863281,0.03,0.0,0.01458287769187595,405.0,P,10.225,10.1,10.35,361.0,1184.0,2026-02-27
2026-02-21,397.2300109863281,0.03,0.0,0.01458287769187595,407.5,P,12.05,11.95,12.15,174.0,350.0,2026-02-27
2026-02-21,397.2300109863281,0.03,0.0,0.01458287769187595,410.0,P,14.2,13.85,14.55,193.0,1701.0,2026-02-27
2026-02-21,397.2300109863281,0.03,0.0,0.01458287769187595,412.5,P,16.15,15.7,16.6,44.0,214.0,2026-02-27
2026-02-21,397.2300109863281,0.03,0.0,0.01458287769187595,415.0,P,18.7,18.0,19.4,239.0,2577.0,2026-02-27
2026-02-21,397.2300109863281,0.03,0.0,0.01458287769187595,417.5,P,21.075,19.75,22.4,7.0,161.0,2026-02-27
2026-02-21,397.2300109863281,0.03,0.0,0.01458287769187595,420.0,P,23.075,22.4,23.75,78.0,903.0,2026-02-27
2026-02-21,397.2300109863281,0.03,0.0,0.01458287769187595,422.5,P,25.35,23.7,27.0,26.0,11.0,2026-02-27
2026-02-21,397.2300109863281,0.03,0.0,0.01458287769187595,425.0,P,27.75,27.0,28.5,147.0,952.0,2026-02-27
2026-02-21,397.2300109863281,0.03,0.0,0.01458287769187595,430.0,P,33.0,31.9,34.1,179.0,764.0,2026-02-27
2026-02-21,397.2300109863281,0.03,0.0,0.01458287769187595,435.0,P,38.175,36.85,39.5,47.0,94.0,2026-02-27
2026-02-21,397.2300109863281,0.03,0.0,0.01458287769187595,437.5,P,40.475,38.95,42.0,1.0,0.0,2026-02-27
2026-02-21,397.2300109863281,0.03,0.0,0.01458287769187595,440.0,P,42.925,41.85,44.0,45.0,97.0,2026-02-27
2026-02-21,397.2300109863281,0.03,0.0,0.01458287769187595,442.5,P,45.25,43.3,47.2,11.0,0.0,2026-02-27
2026-02-21,397.2300109863281,0.03,0.0,0.01458287769187595,445.0,P,47.775,45.9,49.65,2967.0,255.0,2026-02-27
2026-02-21,397.2300109863281,0.03,0.0,0.01458287769187595,450.0,P,52.2,50.9,53.5,1025.0,74.0,2026-02-27
2026-02-21,397.2300109863281,0.03,0.0,0.01458287769187595,455.0,P,57.8,55.9,59.7,1659.0,118.0,2026-02-27
2026-02-21,397.2300109863281,0.03,0.0,0.01458287769187595,460.0,P,62.75,60.8,64.7,147.0,17.0,2026-02-27
2026-02-21,397.2300109863281,0.03,0.0,0.01458287769187595,465.0,P,67.775,65.85,69.7,551.0,37.0,2026-02-27
2026-02-21,397.2300109863281,0.03,0.0,0.01458287769187595,470.0,P,72.75,70.85,74.65,520.0,44.0,2026-02-27
2026-02-21,397.2300109863281,0.03,0.0,0.01458287769187595,475.0,P,77.80000000000001,75.9,79.7,461.0,37.0,2026-02-27
2026-02-21,397.2300109863281,0.03,0.0,0.01458287769187595,480.0,P,83.07499999999999,81.55,84.6,77.0,10.0,2026-02-27
2026-02-21,397.2300109863281,0.03,0.0,0.01458287769187595,485.0,P,87.80000000000001,85.9,89.7,7.0,1.0,2026-02-27
2026-02-21,397.2300109863281,0.03,0.0,0.01458287769187595,490.0,P,92.775,90.9,94.65,20.0,5.0,2026-02-27
2026-02-21,397.2300109863281,0.03,0.0,0.01458287769187595,495.0,P,97.775,95.85,99.7,126.0,19.0,2026-02-27
2026-02-21,397.2300109863281,0.03,0.0,0.01458287769187595,500.0,P,102.80000000000001,100.9,104.7,53.0,5.0,2026-02-27
2026-02-21,397.2300109863281,0.03,0.0,0.01458287769187595,505.0,P,107.775,105.9,109.65,1.0,0.0,2026-02-27
2026-02-21,397.2300109863281,0.03,0.0,0.01458287769187595,510.0,P,112.80000000000001,110.9,114.7,32.0,0.0,2026-02-27
2026-02-21,397.2300109863281,0.03,0.0,0.01458287769187595,515.0,P,117.775,115.9,119.65,460.0,0.0,2026-02-27
2026-02-21,397.2300109863281,0.03,0.0,0.01458287769187595,520.0,P,122.80000000000001,120.9,124.7,96.0,0.0,2026-02-27
2026-02-21,397.2300109863281,0.03,0.0,0.01458287769187595,525.0,P,127.775,125.9,129.65,448.0,0.0,2026-02-27
2026-02-21,397.2300109863281,0.03,0.0,0.01458287769187595,530.0,P,132.8,130.9,134.7,1.0,0.0,2026-02-27
2026-02-21,397.2300109863281,0.03,0.0,0.01458287769187595,535.0,P,137.775,135.9,139.65,11.0,0.0,2026-02-27
2026-02-21,397.2300109863281,0.03,0.0,0.01458287769187595,540.0,P,142.775,140.9,144.65,44.0,3.0,2026-02-27
2026-02-21,397.2300109863281,0.03,0.0,0.01458287769187595,545.0,P,147.775,145.9,149.65,1.0,1.0,2026-02-27
2026-02-21,397.2300109863281,0.03,0.0,0.01458287769187595,590.0,P,192.75,190.85,194.65,1.0,0.0,2026-02-27
2026-02-21,397.2300109863281,0.03,0.0,0.01458287769187595,640.0,P,242.775,240.9,244.65,,0.0,2026-02-27
2026-02-21,397.2300109863281,0.03,0.0,0.03376095988365677,270.0,C,127.675,125.75,129.6,1.0,1.0,2026-03-06
2026-02-21,397.2300109863281,0.03,0.0,0.03376095988365677,290.0,C,107.775,105.85,109.7,,1.0,2026-03-06
2026-02-21,397.2300109863281,0.03,0.0,0.03376095988365677,300.0,C,97.8,95.75,99.85,1.0,1.0,2026-03-06
2026-02-21,397.2300109863281,0.03,0.0,0.03376095988365677,320.0,C,77.80000000000001,75.9,79.7,,1.0,2026-03-06
2026-02-21,397.2300109863281,0.03,0.0,0.03376095988365677,330.0,C,67.575,66.15,69.0,96.0,2.0,2026-03-06
2026-02-21,397.2300109863281,0.03,0.0,0.03376095988365677,335.0,C,62.55,61.25,63.85,192.0,11.0,2026-03-06
2026-02-21,397.2300109863281,0.03,0.0,0.03376095988365677,340.0,C,57.7,56.45,58.95,32.0,29.0,2026-03-06
2026-02-21,397.2300109863281,0.03,0.0,0.03376095988365677,350.0,C,47.95,46.75,49.15,114.0,46.0,2026-03-06
2026-02-21,397.2300109863281,0.03,0.0,0.03376095988365677,355.0,C,43.025000000000006,41.7,44.35,108.0,2.0,2026-03-06
2026-02-21,397.2300109863281,0.03,0.0,0.03376095988365677,360.0,C,38.325,37.1,39.55,7.0,59.0,2026-03-06
2026-02-21,397.2300109863281,0.03,0.0,0.03376095988365677,365.0,C,33.55,32.25,34.85,10.0,36.0,2026-03-06
2026-02-21,397.2300109863281,0.03,0.0,0.03376095988365677,370.0,C,28.975,27.9,30.05,7.0,69.0,2026-03-06
2026-02-21,397.2300109863281,0.03,0.0,0.03376095988365677,375.0,C,24.525,23.75,25.3,1.0,20.0,2026-03-06
2026-02-21,397.2300109863281,0.03,0.0,0.03376095988365677,380.0,C,20.700000000000003,20.6,20.8,31.0,186.0,2026-03-06
2026-02-21,397.2300109863281,0.03,0.0,0.03376095988365677,385.0,C,16.75,16.65,16.85,37.0,67.0,2026-03-06
2026-02-21,397.2300109863281,0.03,0.0,0.03376095988365677,390.0,C,13.15,13.05,13.25,211.0,681.0,2026-03-06
2026-02-21,397.2300109863281,0.03,0.0,0.03376095988365677,395.0,C,10.0,9.9,10.1,688.0,676.0,2026-03-06
2026-02-21,397.2300109863281,0.03,0.0,0.03376095988365677,400.0,C,7.325,7.25,7.4,1712.0,1413.0,2026-03-06
2026-02-21,397.2300109863281,0.03,0.0,0.03376095988365677,405.0,C,5.125,5.05,5.2,622.0,792.0,2026-03-06
2026-02-21,397.2300109863281,0.03,0.0,0.03376095988365677,410.0,C,3.4749999999999996,3.4,3.55,851.0,1606.0,2026-03-06
2026-02-21,397.2300109863281,0.03,0.0,0.03376095988365677,415.0,C,2.285,2.26,2.31,787.0,2792.0,2026-03-06
2026-02-21,397.2300109863281,0.03,0.0,0.03376095988365677,420.0,C,1.5150000000000001,1.48,1.55,1437.0,2874.0,2026-03-06
2026-02-21,397.2300109863281,0.03,0.0,0.03376095988365677,425.0,C,0.99,0.96,1.02,1217.0,1532.0,2026-03-06
2026-02-21,397.2300109863281,0.03,0.0,0.03376095988365677,430.0,C,0.6799999999999999,0.65,0.71,626.0,2143.0,2026-03-06
2026-02-21,397.2300109863281,0.03,0.0,0.03376095988365677,435.0,C,0.48,0.46,0.5,342.0,2602.0,2026-03-06
2026-02-21,397.2300109863281,0.03,0.0,0.03376095988365677,440.0,C,0.36,0.34,0.38,265.0,2254.0,2026-03-06
2026-02-21,397.2300109863281,0.03,0.0,0.03376095988365677,445.0,C,0.28,0.26,0.3,157.0,1183.0,2026-03-06
2026-02-21,397.2300109863281,0.03,0.0,0.03376095988365677,450.0,C,0.22499999999999998,0.21,0.24,270.0,2398.0,2026-03-06
2026-02-21,397.2300109863281,0.03,0.0,0.03376095988365677,455.0,C,0.185,0.17,0.2,9.0,1358.0,2026-03-06
2026-02-21,397.2300109863281,0.03,0.0,0.03376095988365677,460.0,C,0.15000000000000002,0.14,0.16,216.0,1051.0,2026-03-06
2026-02-21,397.2300109863281,0.03,0.0,0.03376095988365677,465.0,C,0.135,0.12,0.15,165.0,757.0,2026-03-06
2026-02-21,397.2300109863281,0.03,0.0,0.03376095988365677,470.0,C,0.115,0.1,0.13,23.0,535.0,2026-03-06
2026-02-21,397.2300109863281,0.03,0.0,0.03376095988365677,475.0,C,0.105,0.09,0.12,90.0,566.0,2026-03-06
2026-02-21,397.2300109863281,0.03,0.0,0.03376095988365677,480.0,C,0.09,0.08,0.1,531.0,1285.0,2026-03-06
2026-02-21,397.2300109863281,0.03,0.0,0.03376095988365677,485.0,C,0.075,0.06,0.09,2.0,761.0,2026-03-06
2026-02-21,397.2300109863281,0.03,0.0,0.03376095988365677,490.0,C,0.065,0.05,0.08,38.0,420.0,2026-03-06
2026-02-21,397.2300109863281,0.03,0.0,0.03376095988365677,495.0,C,0.060000000000000005,0.05,0.07,4.0,460.0,2026-03-06
2026-02-21,397.2300109863281,0.03,0.0,0.03376095988365677,500.0,C,0.05,0.04,0.06,588.0,970.0,2026-03-06
2026-02-21,397.2300109863281,0.03,0.0,0.03376095988365677,505.0,C,0.05,0.04,0.06,2.0,756.0,2026-03-06
2026-02-21,397.2300109863281,0.03,0.0,0.03376095988365677,510.0,C,0.045,0.03,0.06,118.0,271.0,2026-03-06
2026-02-21,397.2300109863281,0.03,0.0,0.03376095988365677,515.0,C,0.04,0.03,0.05,1000.0,159.0,2026-03-06
2026-02-21,397.2300109863281,0.03,0.0,0.03376095988365677,520.0,C,0.035,0.02,0.05,14.0,178.0,2026-03-06
2026-02-21,397.2300109863281,0.03,0.0,0.03376095988365677,525.0,C,0.035,0.02,0.05,2.0,182.0,2026-03-06
2026-02-21,397.2300109863281,0.03,0.0,0.03376095988365677,530.0,C,0.035,0.02,0.05,11.0,73.0,2026-03-06
2026-02-21,397.2300109863281,0.03,0.0,0.03376095988365677,535.0,C,0.025,0.01,0.04,1.0,35.0,2026-03-06
2026-02-21,397.2300109863281,0.03,0.0,0.03376095988365677,540.0,C,0.025,0.01,0.04,18.0,68.0,2026-03-06
2026-02-21,397.2300109863281,0.03,0.0,0.03376095988365677,300.0,P,0.04,0.01,0.07,15.0,198.0,2026-03-06
2026-02-21,397.2300109863281,0.03,0.0,0.03376095988365677,310.0,P,0.025,0.01,0.04,107.0,184.0,2026-03-06
2026-02-21,397.2300109863281,0.03,0.0,0.03376095988365677,320.0,P,0.05500000000000001,0.04,0.07,32.0,93.0,2026-03-06
2026-02-21,397.2300109863281,0.03,0.0,0.03376095988365677,325.0,P,0.07,0.06,0.08,4.0,67.0,2026-03-06
2026-02-21,397.2300109863281,0.03,0.0,0.03376095988365677,330.0,P,0.095,0.08,0.11,82.0,105.0,2026-03-06
2026-02-21,397.2300109863281,0.03,0.0,0.03376095988365677,335.0,P,0.125,0.11,0.14,5.0,34.0,2026-03-06
2026-02-21,397.2300109863281,0.03,0.0,0.03376095988365677,340.0,P,0.18,0.17,0.19,586.0,222.0,2026-03-06
2026-02-21,397.2300109863281,0.03,0.0,0.03376095988365677,345.0,P,0.26,0.24,0.28,88.0,400.0,2026-03-06
2026-02-21,397.2300109863281,0.03,0.0,0.03376095988365677,350.0,P,0.375,0.35,0.4,188.0,354.0,2026-03-06
2026-02-21,397.2300109863281,0.03,0.0,0.03376095988365677,355.0,P,0.515,0.49,0.54,124.0,530.0,2026-03-06
2026-02-21,397.2300109863281,0.03,0.0,0.03376095988365677,360.0,P,0.73,0.7,0.76,303.0,1408.0,2026-03-06
2026-02-21,397.2300109863281,0.03,0.0,0.03376095988365677,365.0,P,1.025,0.98,1.07,113.0,949.0,2026-03-06
2026-02-21,397.2300109863281,0.03,0.0,0.03376095988365677,370.0,P,1.44,1.4,1.48,193.0,1963.0,2026-03-06
2026-02-21,397.2300109863281,0.03,0.0,0.03376095988365677,375.0,P,2.0,1.95,2.05,284.0,755.0,2026-03-06
2026-02-21,397.2300109863281,0.03,0.0,0.03376095988365677,380.0,P,2.785,2.73,2.84,609.0,1208.0,2026-03-06
2026-02-21,397.2300109863281,0.03,0.0,0.03376095988365677,385.0,P,3.85,3.75,3.95,159.0,1015.0,2026-03-06
2026-02-21,397.2300109863281,0.03,0.0,0.03376095988365677,390.0,P,5.275,5.2,5.35,490.0,1578.0,2026-03-06
2026-02-21,397.2300109863281,0.03,0.0,0.03376095988365677,395.0,P,7.1,7.0,7.2,698.0,2220.0,2026-03-06
2026-02-21,397.2300109863281,0.03,0.0,0.03376095988365677,400.0,P,9.425,9.35,9.5,459.0,1866.0,2026-03-06
2026-02-21,397.2300109863281,0.03,0.0,0.03376095988365677,405.0,P,12.25,12.15,12.35,120.0,1330.0,2026-03-06
2026-02-21,397.2300109863281,0.03,0.0,0.03376095988365677,410.0,P,15.65,15.55,15.75,31.0,1311.0,2026-03-06
2026-02-21,397.2300109863281,0.03,0.0,0.03376095988365677,415.0,P,19.525,19.4,19.65,46.0,776.0,2026-03-06
2026-02-21,397.2300109863281,0.03,0.0,0.03376095988365677,420.0,P,23.85,23.05,24.65,133.0,1078.0,2026-03-06
2026-02-21,397.2300109863281,0.03,0.0,0.03376095988365677,425.0,P,28.225,27.5,28.95,84.0,610.0,2026-03-06
2026-02-21,397.2300109863281,0.03,0.0,0.03376095988365677,430.0,P,33.325,32.2,34.45,106.0,629.0,2026-03-06
2026-02-21,397.2300109863281,0.03,0.0,0.03376095988365677,435.0,P,38.150000000000006,36.95,39.35,54.0,586.0,2026-03-06
2026-02-21,397.2300109863281,0.03,0.0,0.03376095988365677,440.0,P,43.05,41.95,44.15,30.0,303.0,2026-03-06
2026-02-21,397.2300109863281,0.03,0.0,0.03376095988365677,445.0,P,47.925,46.95,48.9,13.0,62.0,2026-03-06
2026-02-21,397.2300109863281,0.03,0.0,0.03376095988365677,450.0,P,53.099999999999994,51.9,54.3,13.0,28.0,2026-03-06
2026-02-21,397.2300109863281,0.03,0.0,0.03376095988365677,455.0,P,57.650000000000006,56.1,59.2,2.0,12.0,2026-03-06
2026-02-21,397.2300109863281,0.03,0.0,0.03376095988365677,460.0,P,62.849999999999994,60.9,64.8,119.0,20.0,2026-03-06
2026-02-21,397.2300109863281,0.03,0.0,0.03376095988365677,465.0,P,67.80000000000001,65.9,69.7,82.0,9.0,2026-03-06
2026-02-21,397.2300109863281,0.03,0.0,0.03376095988365677,470.0,P,72.80000000000001,70.9,74.7,44.0,5.0,2026-03-06
2026-02-21,397.2300109863281,0.03,0.0,0.03376095988365677,475.0,P,77.80000000000001,75.9,79.7,608.0,44.0,2026-03-06
2026-02-21,397.2300109863281,0.03,0.0,0.03376095988365677,480.0,P,82.80000000000001,80.9,84.7,2.0,2.0,2026-03-06
2026-02-21,397.2300109863281,0.03,0.0,0.03376095988365677,485.0,P,87.85,85.9,89.8,1.0,0.0,2026-03-06
2026-02-21,397.2300109863281,0.03,0.0,0.03376095988365677,490.0,P,92.775,90.85,94.7,140.0,0.0,2026-03-06
2026-02-21,397.2300109863281,0.03,0.0,0.03376095988365677,495.0,P,97.85,95.9,99.8,1.0,0.0,2026-03-06
2026-02-21,397.2300109863281,0.03,0.0,0.03376095988365677,500.0,P,102.85,100.9,104.8,1020.0,0.0,2026-03-06
2026-02-21,397.2300109863281,0.03,0.0,0.03376095988365677,505.0,P,107.80000000000001,105.9,109.7,13.0,2.0,2026-03-06
2026-02-21,397.2300109863281,0.03,0.0,0.03376095988365677,510.0,P,112.80000000000001,110.9,114.7,30.0,0.0,2026-03-06
2026-02-21,397.2300109863281,0.03,0.0,0.03376095988365677,515.0,P,117.82499999999999,115.85,119.8,100.0,0.0,2026-03-06
2026-02-21,397.2300109863281,0.03,0.0,0.03376095988365677,520.0,P,122.75,120.8,124.7,,0.0,2026-03-06
2026-02-21,397.2300109863281,0.03,0.0,0.03376095988365677,525.0,P,127.75,125.8,129.7,20.0,4.0,2026-03-06
2026-02-21,397.2300109863281,0.03,0.0,0.03376095988365677,530.0,P,132.72500000000002,130.8,134.65,1.0,0.0,2026-03-06
2026-02-21,397.2300109863281,0.03,0.0,0.03376095988365677,535.0,P,137.77499999999998,135.85,139.7,,0.0,2026-03-06
2026-02-21,397.2300109863281,0.03,0.0,0.05293904207543759,270.0,C,127.975,126.0,129.95,,0.0,2026-03-13
2026-02-21,397.2300109863281,0.03,0.0,0.05293904207543759,280.0,C,117.95,115.95,119.95,,1.0,2026-03-13
2026-02-21,397.2300109863281,0.03,0.0,0.05293904207543759,300.0,C,97.65,96.05,99.25,4.0,3.0,2026-03-13
2026-02-21,397.2300109863281,0.03,0.0,0.05293904207543759,310.0,C,88.0,86.2,89.8,,2.0,2026-03-13
2026-02-21,397.2300109863281,0.03,0.0,0.05293904207543759,320.0,C,77.8,76.5,79.1,,6.0,2026-03-13
2026-02-21,397.2300109863281,0.03,0.0,0.05293904207543759,325.0,C,72.85,71.55,74.15,,5.0,2026-03-13
2026-02-21,397.2300109863281,0.03,0.0,0.05293904207543759,340.0,C,58.4,56.65,60.15,2.0,2.0,2026-03-13
2026-02-21,397.2300109863281,0.03,0.0,0.05293904207543759,345.0,C,53.3,51.95,54.65,2.0,4.0,2026-03-13
2026-02-21,397.2300109863281,0.03,0.0,0.05293904207543759,350.0,C,48.650000000000006,47.45,49.85,3.0,5.0,2026-03-13
2026-02-21,397.2300109863281,0.03,0.0,0.05293904207543759,355.0,C,43.8,42.5,45.1,6.0,13.0,2026-03-13
2026-02-21,397.2300109863281,0.03,0.0,0.05293904207543759,360.0,C,39.175,37.85,40.5,10.0,10.0,2026-03-13
2026-02-21,397.2300109863281,0.03,0.0,0.05293904207543759,365.0,C,34.650000000000006,33.35,35.95,10.0,11.0,2026-03-13
2026-02-21,397.2300109863281,0.03,0.0,0.05293904207543759,370.0,C,30.6,28.95,32.25,5.0,32.0,2026-03-13
2026-02-21,397.2300109863281,0.03,0.0,0.05293904207543759,375.0,C,26.075000000000003,24.8,27.35,1.0,17.0,2026-03-13
2026-02-21,397.2300109863281,0.03,0.0,0.05293904207543759,380.0,C,22.4,22.25,22.55,6.0,80.0,2026-03-13
2026-02-21,397.2300109863281,0.03,0.0,0.05293904207543759,385.0,C,18.675,18.55,18.8,68.0,93.0,2026-03-13
2026-02-21,397.2300109863281,0.03,0.0,0.05293904207543759,390.0,C,15.225,15.1,15.35,63.0,205.0,2026-03-13
2026-02-21,397.2300109863281,0.03,0.0,0.05293904207543759,395.0,C,12.15,12.05,12.25,306.0,316.0,2026-03-13
2026-02-21,397.2300109863281,0.03,0.0,0.05293904207543759,400.0,C,9.45,9.35,9.55,798.0,879.0,2026-03-13
2026-02-21,397.2300109863281,0.03,0.0,0.05293904207543759,405.0,C,7.175,7.1,7.25,312.0,1113.0,2026-03-13
2026-02-21,397.2300109863281,0.03,0.0,0.05293904207543759,410.0,C,5.325,5.25,5.4,1045.0,632.0,2026-03-13
2026-02-21,397.2300109863281,0.03,0.0,0.05293904207543759,415.0,C,3.875,3.8,3.95,367.0,871.0,2026-03-13
2026-02-21,397.2300109863281,0.03,0.0,0.05293904207543759,420.0,C,2.7649999999999997,2.71,2.82,386.0,1461.0,2026-03-13
2026-02-21,397.2300109863281,0.03,0.0,0.05293904207543759,425.0,C,1.9849999999999999,1.93,2.04,264.0,568.0,2026-03-13
2026-02-21,397.2300109863281,0.03,0.0,0.05293904207543759,430.0,C,1.43,1.38,1.48,1193.0,2335.0,2026-03-13
2026-02-21,397.2300109863281,0.03,0.0,0.05293904207543759,435.0,C,1.08,1.05,1.11,217.0,642.0,2026-03-13
2026-02-21,397.2300109863281,0.03,0.0,0.05293904207543759,440.0,C,0.81,0.78,0.84,265.0,737.0,2026-03-13
2026-02-21,397.2300109863281,0.03,0.0,0.05293904207543759,445.0,C,0.645,0.62,0.67,85.0,541.0,2026-03-13
2026-02-21,397.2300109863281,0.03,0.0,0.05293904207543759,450.0,C,0.51,0.46,0.56,182.0,1229.0,2026-03-13
2026-02-21,397.2300109863281,0.03,0.0,0.05293904207543759,455.0,C,0.435,0.4,0.47,225.0,769.0,2026-03-13
2026-02-21,397.2300109863281,0.03,0.0,0.05293904207543759,460.0,C,0.37,0.34,0.4,103.0,1051.0,2026-03-13
2026-02-21,397.2300109863281,0.03,0.0,0.05293904207543759,465.0,C,0.315,0.3,0.33,13.0,255.0,2026-03-13
2026-02-21,397.2300109863281,0.03,0.0,0.05293904207543759,470.0,C,0.28,0.26,0.3,225.0,361.0,2026-03-13
2026-02-21,397.2300109863281,0.03,0.0,0.05293904207543759,475.0,C,0.24,0.22,0.26,25.0,170.0,2026-03-13
2026-02-21,397.2300109863281,0.03,0.0,0.05293904207543759,480.0,C,0.21000000000000002,0.2,0.22,238.0,489.0,2026-03-13
2026-02-21,397.2300109863281,0.03,0.0,0.05293904207543759,485.0,C,0.19,0.17,0.21,10.0,119.0,2026-03-13
2026-02-21,397.2300109863281,0.03,0.0,0.05293904207543759,490.0,C,0.16999999999999998,0.15,0.19,10.0,163.0,2026-03-13
2026-02-21,397.2300109863281,0.03,0.0,0.05293904207543759,495.0,C,0.15000000000000002,0.13,0.17,66.0,99.0,2026-03-13
2026-02-21,397.2300109863281,0.03,0.0,0.05293904207543759,500.0,C,0.14,0.12,0.16,148.0,364.0,2026-03-13
2026-02-21,397.2300109863281,0.03,0.0,0.05293904207543759,505.0,C,0.125,0.1,0.15,2.0,8.0,2026-03-13
2026-02-21,397.2300109863281,0.03,0.0,0.05293904207543759,510.0,C,0.11,0.09,0.13,7.0,31.0,2026-03-13
2026-02-21,397.2300109863281,0.03,0.0,0.05293904207543759,515.0,C,0.1,0.08,0.12,71.0,39.0,2026-03-13
2026-02-21,397.2300109863281,0.03,0.0,0.05293904207543759,520.0,C,0.09,0.07,0.11,2.0,745.0,2026-03-13
2026-02-21,397.2300109863281,0.03,0.0,0.05293904207543759,525.0,C,0.08,0.06,0.1,2.0,12.0,2026-03-13
2026-02-21,397.2300109863281,0.03,0.0,0.05293904207543759,530.0,C,0.07,0.05,0.09,2.0,14.0,2026-03-13
2026-02-21,397.2300109863281,0.03,0.0,0.05293904207543759,535.0,C,0.065,0.05,0.08,2.0,11.0,2026-03-13
2026-02-21,397.2300109863281,0.03,0.0,0.05293904207543759,540.0,C,0.06,0.04,0.08,1.0,51.0,2026-03-13
2026-02-21,397.2300109863281,0.03,0.0,0.05293904207543759,545.0,C,0.05,0.03,0.07,2.0,0.0,2026-03-13
2026-02-21,397.2300109863281,0.03,0.0,0.05293904207543759,550.0,C,0.05,0.03,0.07,2.0,6.0,2026-03-13
2026-02-21,397.2300109863281,0.03,0.0,0.05293904207543759,555.0,C,0.04,0.02,0.06,2.0,0.0,2026-03-13
2026-02-21,397.2300109863281,0.03,0.0,0.05293904207543759,560.0,C,0.04,0.02,0.06,2.0,1.0,2026-03-13
2026-02-21,397.2300109863281,0.03,0.0,0.05293904207543759,565.0,C,0.04,0.02,0.06,2.0,2.0,2026-03-13
2026-02-21,397.2300109863281,0.03,0.0,0.05293904207543759,570.0,C,0.030000000000000002,0.01,0.05,2.0,0.0,2026-03-13
2026-02-21,397.2300109863281,0.03,0.0,0.05293904207543759,575.0,C,0.030000000000000002,0.01,0.05,,0.0,2026-03-13
2026-02-21,397.2300109863281,0.03,0.0,0.05293904207543759,300.0,P,0.04,0.02,0.06,62.0,175.0,2026-03-13
2026-02-21,397.2300109863281,0.03,0.0,0.05293904207543759,310.0,P,0.07,0.05,0.09,19.0,82.0,2026-03-13
2026-02-21,397.2300109863281,0.03,0.0,0.05293904207543759,320.0,P,0.12000000000000001,0.1,0.14,1.0,29.0,2026-03-13
2026-02-21,397.2300109863281,0.03,0.0,0.05293904207543759,325.0,P,0.16,0.14,0.18,6.0,59.0,2026-03-13
2026-02-21,397.2300109863281,0.03,0.0,0.05293904207543759,330.0,P,0.22,0.2,0.24,82.0,171.0,2026-03-13
2026-02-21,397.2300109863281,0.03,0.0,0.05293904207543759,335.0,P,0.30000000000000004,0.28,0.32,6.0,100.0,2026-03-13
2026-02-21,397.2300109863281,0.03,0.0,0.05293904207543759,340.0,P,0.41000000000000003,0.39,0.43,60.0,468.0,2026-03-13
2026-02-21,397.2300109863281,0.03,0.0,0.05293904207543759,345.0,P,0.56,0.54,0.58,6.0,256.0,2026-03-13
2026-02-21,397.2300109863281,0.03,0.0,0.05293904207543759,350.0,P,0.765,0.73,0.8,77.0,1232.0,2026-03-13
2026-02-21,397.2300109863281,0.03,0.0,0.05293904207543759,355.0,P,1.0350000000000001,1.0,1.07,62.0,252.0,2026-03-13
2026-02-21,397.2300109863281,0.03,0.0,0.05293904207543759,360.0,P,1.3900000000000001,1.34,1.44,120.0,612.0,2026-03-13
2026-02-21,397.2300109863281,0.03,0.0,0.05293904207543759,365.0,P,1.845,1.79,1.9,406.0,223.0,2026-03-13
2026-02-21,397.2300109863281,0.03,0.0,0.05293904207543759,370.0,P,2.45,2.38,2.52,268.0,795.0,2026-03-13
2026-02-21,397.2300109863281,0.03,0.0,0.05293904207543759,375.0,P,3.2,3.1,3.3,120.0,688.0,2026-03-13
2026-02-21,397.2300109863281,0.03,0.0,0.05293904207543759,380.0,P,4.199999999999999,4.1,4.3,767.0,1827.0,2026-03-13
2026-02-21,397.2300109863281,0.03,0.0,0.05293904207543759,385.0,P,5.449999999999999,5.35,5.55,411.0,1036.0,2026-03-13
2026-02-21,397.2300109863281,0.03,0.0,0.05293904207543759,390.0,P,7.025,6.9,7.15,209.0,661.0,2026-03-13
2026-02-21,397.2300109863281,0.03,0.0,0.05293904207543759,395.0,P,8.975,8.85,9.1,149.0,556.0,2026-03-13
2026-02-21,397.2300109863281,0.03,0.0,0.05293904207543759,400.0,P,11.275,11.15,11.4,534.0,1424.0,2026-03-13
2026-02-21,397.2300109863281,0.03,0.0,0.05293904207543759,405.0,P,14.025,13.9,14.15,72.0,330.0,2026-03-13
2026-02-21,397.2300109863281,0.03,0.0,0.05293904207543759,410.0,P,17.200000000000003,17.05,17.35,275.0,1183.0,2026-03-13
2026-02-21,397.2300109863281,0.03,0.0,0.05293904207543759,415.0,P,20.775,20.6,20.95,55.0,512.0,2026-03-13
2026-02-21,397.2300109863281,0.03,0.0,0.05293904207543759,420.0,P,24.725,24.55,24.9,262.0,611.0,2026-03-13
2026-02-21,397.2300109863281,0.03,0.0,0.05293904207543759,425.0,P,29.1,28.1,30.1,42.0,432.0,2026-03-13
2026-02-21,397.2300109863281,0.03,0.0,0.05293904207543759,430.0,P,33.95,32.65,35.25,19.0,228.0,2026-03-13
2026-02-21,397.2300109863281,0.03,0.0,0.05293904207543759,435.0,P,38.625,37.3,39.95,17.0,163.0,2026-03-13
2026-02-21,397.2300109863281,0.03,0.0,0.05293904207543759,440.0,P,43.45,42.1,44.8,28.0,1451.0,2026-03-13
2026-02-21,397.2300109863281,0.03,0.0,0.05293904207543759,445.0,P,48.15,47.0,49.3,53.0,71.0,2026-03-13
2026-02-21,397.2300109863281,0.03,0.0,0.05293904207543759,450.0,P,52.75,51.85,53.65,17.0,46.0,2026-03-13
2026-02-21,397.2300109863281,0.03,0.0,0.05293904207543759,455.0,P,58.25,56.95,59.55,3.0,0.0,2026-03-13
2026-02-21,397.2300109863281,0.03,0.0,0.05293904207543759,460.0,P,62.775000000000006,61.85,63.7,8.0,24.0,2026-03-13
2026-02-21,397.2300109863281,0.03,0.0,0.05293904207543759,465.0,P,68.05000000000001,66.65,69.45,62.0,0.0,2026-03-13
2026-02-21,397.2300109863281,0.03,0.0,0.05293904207543759,470.0,P,72.85,71.2,74.5,1.0,1.0,2026-03-13
2026-02-21,397.2300109863281,0.03,0.0,0.05293904207543759,475.0,P,77.75,75.8,79.7,992.0,0.0,2026-03-13
2026-02-21,397.2300109863281,0.03,0.0,0.05293904207543759,480.0,P,82.80000000000001,80.9,84.7,7.0,1.0,2026-03-13
2026-02-21,397.2300109863281,0.03,0.0,0.05293904207543759,485.0,P,87.80000000000001,85.9,89.7,340.0,0.0,2026-03-13
2026-02-21,397.2300109863281,0.03,0.0,0.05293904207543759,490.0,P,92.75,90.8,94.7,310.0,0.0,2026-03-13
2026-02-21,397.2300109863281,0.03,0.0,0.05293904207543759,495.0,P,97.75,95.8,99.7,42.0,0.0,2026-03-13
2026-02-21,397.2300109863281,0.03,0.0,0.05293904207543759,500.0,P,102.75,100.8,104.7,42.0,0.0,2026-03-13
2026-02-21,397.2300109863281,0.03,0.0,0.05293904207543759,505.0,P,107.80000000000001,105.9,109.7,60.0,0.0,2026-03-13
2026-02-21,397.2300109863281,0.03,0.0,0.05293904207543759,510.0,P,112.75,110.8,114.7,42.0,0.0,2026-03-13
2026-02-21,397.2300109863281,0.03,0.0,0.05293904207543759,515.0,P,117.80000000000001,115.9,119.7,,0.0,2026-03-13
2026-02-21,397.2300109863281,0.03,0.0,0.05293904207543759,520.0,P,122.75,120.8,124.7,1.0,0.0,2026-03-13
2026-02-21,397.2300109863281,0.03,0.0,0.05293904207543759,530.0,P,132.8,130.9,134.7,,0.0,2026-03-13
2026-02-21,397.2300109863281,0.03,0.0,0.05293904207543759,535.0,P,137.77499999999998,135.85,139.7,,0.0,2026-03-13
2026-02-21,397.2300109863281,0.03,0.0,0.07211712426721842,175.0,C,222.925,220.95,224.9,8.0,2.0,2026-03-20
2026-02-21,397.2300109863281,0.03,0.0,0.07211712426721842,180.0,C,217.875,215.95,219.8,8.0,9.0,2026-03-20
2026-02-21,397.2300109863281,0.03,0.0,0.07211712426721842,185.0,C,212.9,211.0,214.8,20.0,0.0,2026-03-20
2026-02-21,397.2300109863281,0.03,0.0,0.07211712426721842,190.0,C,207.9,206.0,209.8,17.0,18.0,2026-03-20
2026-02-21,397.2300109863281,0.03,0.0,0.07211712426721842,195.0,C,202.925,201.0,204.85,6.0,0.0,2026-03-20
2026-02-21,397.2300109863281,0.03,0.0,0.07211712426721842,200.0,C,198.0,196.05,199.95,35.0,10.0,2026-03-20
2026-02-21,397.2300109863281,0.03,0.0,0.07211712426721842,210.0,C,187.97500000000002,186.05,189.9,2.0,3.0,2026-03-20
2026-02-21,397.2300109863281,0.03,0.0,0.07211712426721842,220.0,C,211.4,209.8,213.0,5.0,7.0,2026-03-20
2026-02-21,397.2300109863281,0.03,0.0,0.07211712426721842,230.0,C,201.39999999999998,199.85,202.95,2.0,3.0,2026-03-20
2026-02-21,397.2300109863281,0.03,0.0,0.07211712426721842,240.0,C,158.075,156.2,159.95,1.0,32.0,2026-03-20
2026-02-21,397.2300109863281,0.03,0.0,0.07211712426721842,250.0,C,148.05,146.1,150.0,4.0,30.0,2026-03-20
2026-02-21,397.2300109863281,0.03,0.0,0.07211712426721842,260.0,C,138.175,136.25,140.1,1.0,25.0,2026-03-20
2026-02-21,397.2300109863281,0.03,0.0,0.07211712426721842,270.0,C,128.15,126.25,130.05,1.0,42.0,2026-03-20
2026-02-21,397.2300109863281,0.03,0.0,0.07211712426721842,280.0,C,118.225,116.35,120.1,1.0,78.0,2026-03-20
2026-02-21,397.2300109863281,0.03,0.0,0.07211712426721842,290.0,C,108.225,106.3,110.15,1.0,32.0,2026-03-20
2026-02-21,397.2300109863281,0.03,0.0,0.07211712426721842,300.0,C,98.325,96.45,100.2,1.0,314.0,2026-03-20
2026-02-21,397.2300109863281,0.03,0.0,0.07211712426721842,310.0,C,88.425,86.5,90.35,1.0,41.0,2026-03-20
2026-02-21,397.2300109863281,0.03,0.0,0.07211712426721842,320.0,C,78.575,76.7,80.45,7.0,123.0,2026-03-20
2026-02-21,397.2300109863281,0.03,0.0,0.07211712426721842,325.0,C,73.3,72.0,74.6,3.0,3.0,2026-03-20
2026-02-21,397.2300109863281,0.03,0.0,0.07211712426721842,330.0,C,68.225,67.1,69.35,1.0,89.0,2026-03-20
2026-02-21,397.2300109863281,0.03,0.0,0.07211712426721842,335.0,C,63.625,62.3,64.95,1.0,4.0,2026-03-20
2026-02-21,397.2300109863281,0.03,0.0,0.07211712426721842,340.0,C,59.2,58.0,60.4,2.0,85.0,2026-03-20
2026-02-21,397.2300109863281,0.03,0.0,0.07211712426721842,345.0,C,54.05,52.75,55.35,3.0,57.0,2026-03-20
2026-02-21,397.2300109863281,0.03,0.0,0.07211712426721842,350.0,C,49.875,49.0,50.75,14.0,247.0,2026-03-20
2026-02-21,397.2300109863281,0.03,0.0,0.07211712426721842,355.0,C,44.825,43.6,46.05,1.0,43.0,2026-03-20
2026-02-21,397.2300109863281,0.03,0.0,0.07211712426721842,360.0,C,40.425,39.3,41.55,33.0,369.0,2026-03-20
2026-02-21,397.2300109863281,0.03,0.0,0.07211712426721842,365.0,C,35.900000000000006,34.6,37.2,1.0,38.0,2026-03-20
2026-02-21,397.2300109863281,0.03,0.0,0.07211712426721842,370.0,C,32.225,31.5,32.95,30.0,502.0,2026-03-20
2026-02-21,397.2300109863281,0.03,0.0,0.07211712426721842,375.0,C,28.075000000000003,27.35,28.8,30.0,92.0,2026-03-20
2026-02-21,397.2300109863281,0.03,0.0,0.07211712426721842,380.0,C,24.25,23.5,25.0,77.0,990.0,2026-03-20
2026-02-21,397.2300109863281,0.03,0.0,0.07211712426721842,385.0,C,20.450000000000003,20.35,20.55,42.0,236.0,2026-03-20
2026-02-21,397.2300109863281,0.03,0.0,0.07211712426721842,390.0,C,17.1,17.0,17.2,509.0,1582.0,2026-03-20
2026-02-21,397.2300109863281,0.03,0.0,0.07211712426721842,395.0,C,14.1,14.0,14.2,3958.0,1432.0,2026-03-20
2026-02-21,397.2300109863281,0.03,0.0,0.07211712426721842,400.0,C,11.4,11.3,11.5,6765.0,5918.0,2026-03-20
2026-02-21,397.2300109863281,0.03,0.0,0.07211712426721842,405.0,C,9.05,8.95,9.15,1227.0,2693.0,2026-03-20
2026-02-21,397.2300109863281,0.03,0.0,0.07211712426721842,410.0,C,7.075,7.0,7.15,2849.0,5427.0,2026-03-20
2026-02-21,397.2300109863281,0.03,0.0,0.07211712426721842,415.0,C,5.425,5.35,5.5,1558.0,4556.0,2026-03-20
2026-02-21,397.2300109863281,0.03,0.0,0.07211712426721842,420.0,C,4.125,4.05,4.2,4609.0,16466.0,2026-03-20
2026-02-21,397.2300109863281,0.03,0.0,0.07211712426721842,425.0,C,3.1500000000000004,3.1,3.2,4164.0,10009.0,2026-03-20
2026-02-21,397.2300109863281,0.03,0.0,0.07211712426721842,430.0,C,2.38,2.32,2.44,1358.0,7159.0,2026-03-20
2026-02-21,397.2300109863281,0.03,0.0,0.07211712426721842,435.0,C,1.83,1.78,1.88,2222.0,9818.0,2026-03-20
2026-02-21,397.2300109863281,0.03,0.0,0.07211712426721842,440.0,C,1.44,1.41,1.47,4840.0,17473.0,2026-03-20
2026-02-21,397.2300109863281,0.03,0.0,0.07211712426721842,445.0,C,1.145,1.11,1.18,550.0,4473.0,2026-03-20
2026-02-21,397.2300109863281,0.03,0.0,0.07211712426721842,450.0,C,0.925,0.9,0.95,9305.0,24049.0,2026-03-20
2026-02-21,397.2300109863281,0.03,0.0,0.07211712426721842,455.0,C,0.76,0.73,0.79,264.0,3468.0,2026-03-20
2026-02-21,397.2300109863281,0.03,0.0,0.07211712426721842,460.0,C,0.66,0.64,0.68,1142.0,5783.0,2026-03-20
2026-02-21,397.2300109863281,0.03,0.0,0.07211712426721842,465.0,C,0.5700000000000001,0.55,0.59,330.0,5650.0,2026-03-20
2026-02-21,397.2300109863281,0.03,0.0,0.07211712426721842,470.0,C,0.495,0.49,0.5,187.0,7975.0,2026-03-20
2026-02-21,397.2300109863281,0.03,0.0,0.07211712426721842,475.0,C,0.44,0.43,0.45,801.0,9642.0,2026-03-20
2026-02-21,397.2300109863281,0.03,0.0,0.07211712426721842,480.0,C,0.4,0.38,0.42,1561.0,9475.0,2026-03-20
2026-02-21,397.2300109863281,0.03,0.0,0.07211712426721842,485.0,C,0.36,0.34,0.38,196.0,15819.0,2026-03-20
2026-02-21,397.2300109863281,0.03,0.0,0.07211712426721842,490.0,C,0.325,0.31,0.34,213.0,9689.0,2026-03-20
2026-02-21,397.2300109863281,0.03,0.0,0.07211712426721842,495.0,C,0.30000000000000004,0.28,0.32,679.0,2257.0,2026-03-20
2026-02-21,397.2300109863281,0.03,0.0,0.07211712426721842,500.0,C,0.275,0.26,0.29,1274.0,19518.0,2026-03-20
2026-02-21,397.2300109863281,0.03,0.0,0.07211712426721842,505.0,C,0.25,0.23,0.27,980.0,3613.0,2026-03-20
2026-02-21,397.2300109863281,0.03,0.0,0.07211712426721842,510.0,C,0.22999999999999998,0.21,0.25,1038.0,6444.0,2026-03-20
2026-02-21,397.2300109863281,0.03,0.0,0.07211712426721842,515.0,C,0.20500000000000002,0.19,0.22,21.0,3705.0,2026-03-20
2026-02-21,397.2300109863281,0.03,0.0,0.07211712426721842,520.0,C,0.185,0.17,0.2,773.0,7718.0,2026-03-20
2026-02-21,397.2300109863281,0.03,0.0,0.07211712426721842,525.0,C,0.16,0.15,0.17,129.0,3478.0,2026-03-20
2026-02-21,397.2300109863281,0.03,0.0,0.07211712426721842,530.0,C,0.15500000000000003,0.14,0.17,24.0,9867.0,2026-03-20
2026-02-21,397.2300109863281,0.03,0.0,0.07211712426721842,535.0,C,0.135,0.12,0.15,319.0,5760.0,2026-03-20
2026-02-21,397.2300109863281,0.03,0.0,0.07211712426721842,540.0,C,0.125,0.11,0.14,46.0,6879.0,2026-03-20
2026-02-21,397.2300109863281,0.03,0.0,0.07211712426721842,545.0,C,0.115,0.1,0.13,104.0,2951.0,2026-03-20
2026-02-21,397.2300109863281,0.03,0.0,0.07211712426721842,550.0,C,0.1,0.09,0.11,124.0,7163.0,2026-03-20
2026-02-21,397.2300109863281,0.03,0.0,0.07211712426721842,555.0,C,0.095,0.08,0.11,4.0,1268.0,2026-03-20
2026-02-21,397.2300109863281,0.03,0.0,0.07211712426721842,560.0,C,0.07,0.06,0.08,22.0,5807.0,2026-03-20
2026-02-21,397.2300109863281,0.03,0.0,0.07211712426721842,565.0,C,0.075,0.06,0.09,461.0,1882.0,2026-03-20
2026-02-21,397.2300109863281,0.03,0.0,0.07211712426721842,570.0,C,0.07,0.05,0.09,274.0,3197.0,2026-03-20
2026-02-21,397.2300109863281,0.03,0.0,0.07211712426721842,575.0,C,0.06,0.04,0.08,53.0,2653.0,2026-03-20
2026-02-21,397.2300109863281,0.03,0.0,0.07211712426721842,580.0,C,0.05,0.04,0.06,1.0,2924.0,2026-03-20
2026-02-21,397.2300109863281,0.03,0.0,0.07211712426721842,585.0,C,0.055,0.03,0.08,1.0,917.0,2026-03-20
2026-02-21,397.2300109863281,0.03,0.0,0.07211712426721842,590.0,C,0.049999999999999996,0.01,0.09,282.0,1518.0,2026-03-20
2026-02-21,397.2300109863281,0.03,0.0,0.07211712426721842,595.0,C,0.049999999999999996,0.01,0.09,610.0,1607.0,2026-03-20
2026-02-21,397.2300109863281,0.03,0.0,0.07211712426721842,600.0,C,0.03,0.02,0.04,233.0,5970.0,2026-03-20
2026-02-21,397.2300109863281,0.03,0.0,0.07211712426721842,610.0,C,0.05,0.02,0.08,3.0,3698.0,2026-03-20
2026-02-21,397.2300109863281,0.03,0.0,0.07211712426721842,650.0,C,0.034999999999999996,0.01,0.06,10.0,2824.0,2026-03-20
2026-02-21,397.2300109863281,0.03,0.0,0.07211712426721842,660.0,C,0.02,0.01,0.03,35.0,2166.0,2026-03-20
2026-02-21,397.2300109863281,0.03,0.0,0.07211712426721842,720.0,C,0.025,0.01,0.04,3.0,940.0,2026-03-20
2026-02-21,397.2300109863281,0.03,0.0,0.07211712426721842,220.0,P,0.055,0.01,0.1,51.0,188.0,2026-03-20
2026-02-21,397.2300109863281,0.03,0.0,0.07211712426721842,230.0,P,0.095,0.01,0.18,40.0,331.0,2026-03-20
2026-02-21,397.2300109863281,0.03,0.0,0.07211712426721842,240.0,P,0.08,0.01,0.15,61.0,87.0,2026-03-20
2026-02-21,397.2300109863281,0.03,0.0,0.07211712426721842,260.0,P,0.08499999999999999,0.02,0.15,52.0,1102.0,2026-03-20
2026-02-21,397.2300109863281,0.03,0.0,0.07211712426721842,280.0,P,0.75,0.02,1.48,52.0,1550.0,2026-03-20
2026-02-21,397.2300109863281,0.03,0.0,0.07211712426721842,290.0,P,0.05,0.04,0.06,101.0,1359.0,2026-03-20
2026-02-21,397.2300109863281,0.03,0.0,0.07211712426721842,300.0,P,0.075,0.06,0.09,26.0,2284.0,2026-03-20
2026-02-21,397.2300109863281,0.03,0.0,0.07211712426721842,310.0,P,0.135,0.12,0.15,3.0,1038.0,2026-03-20
2026-02-21,397.2300109863281,0.03,0.0,0.07211712426721842,315.0,P,0.18,0.16,0.2,14.0,229.0,2026-03-20
2026-02-21,397.2300109863281,0.03,0.0,0.07211712426721842,320.0,P,0.24,0.22,0.26,188.0,1977.0,2026-03-20
2026-02-21,397.2300109863281,0.03,0.0,0.07211712426721842,325.0,P,0.32,0.3,0.34,21.0,457.0,2026-03-20
2026-02-21,397.2300109863281,0.03,0.0,0.07211712426721842,330.0,P,0.44,0.42,0.46,59.0,11445.0,2026-03-20
2026-02-21,397.2300109863281,0.03,0.0,0.07211712426721842,335.0,P,0.585,0.56,0.61,49.0,272.0,2026-03-20
2026-02-21,397.2300109863281,0.03,0.0,0.07211712426721842,340.0,P,0.77,0.74,0.8,75.0,2668.0,2026-03-20
2026-02-21,397.2300109863281,0.03,0.0,0.07211712426721842,345.0,P,1.0150000000000001,0.98,1.05,70.0,546.0,2026-03-20
2026-02-21,397.2300109863281,0.03,0.0,0.07211712426721842,350.0,P,1.32,1.28,1.36,434.0,20777.0,2026-03-20
2026-02-21,397.2300109863281,0.03,0.0,0.07211712426721842,355.0,P,1.71,1.66,1.76,640.0,3337.0,2026-03-20
2026-02-21,397.2300109863281,0.03,0.0,0.07211712426721842,360.0,P,2.185,2.13,2.24,317.0,3110.0,2026-03-20
2026-02-21,397.2300109863281,0.03,0.0,0.07211712426721842,365.0,P,2.77,2.71,2.83,277.0,4728.0,2026-03-20
2026-02-21,397.2300109863281,0.03,0.0,0.07211712426721842,370.0,P,3.5,3.4,3.6,647.0,8155.0,2026-03-20
2026-02-21,397.2300109863281,0.03,0.0,0.07211712426721842,375.0,P,4.425,4.35,4.5,1354.0,4307.0,2026-03-20
2026-02-21,397.2300109863281,0.03,0.0,0.07211712426721842,380.0,P,5.550000000000001,5.45,5.65,1325.0,17977.0,2026-03-20
2026-02-21,397.2300109863281,0.03,0.0,0.07211712426721842,385.0,P,6.949999999999999,6.85,7.05,1012.0,4012.0,2026-03-20
2026-02-21,397.2300109863281,0.03,0.0,0.07211712426721842,390.0,P,8.6,8.5,8.7,2374.0,12282.0,2026-03-20
2026-02-21,397.2300109863281,0.03,0.0,0.07211712426721842,395.0,P,10.575,10.45,10.7,2157.0,4675.0,2026-03-20
2026-02-21,397.2300109863281,0.03,0.0,0.07211712426721842,400.0,P,12.9,12.8,13.0,1768.0,11309.0,2026-03-20
2026-02-21,397.2300109863281,0.03,0.0,0.07211712426721842,405.0,P,15.575,15.45,15.7,422.0,6473.0,2026-03-20
2026-02-21,397.2300109863281,0.03,0.0,0.07211712426721842,410.0,P,18.625,18.5,18.75,447.0,6719.0,2026-03-20
2026-02-21,397.2300109863281,0.03,0.0,0.07211712426721842,415.0,P,22.025,21.9,22.15,84.0,2818.0,2026-03-20
2026-02-21,397.2300109863281,0.03,0.0,0.07211712426721842,420.0,P,25.875,25.55,26.2,271.0,8293.0,2026-03-20
2026-02-21,397.2300109863281,0.03,0.0,0.07211712426721842,425.0,P,29.924999999999997,29.4,30.45,82.0,3092.0,2026-03-20
2026-02-21,397.2300109863281,0.03,0.0,0.07211712426721842,430.0,P,34.25,33.85,34.65,344.0,8697.0,2026-03-20
2026-02-21,397.2300109863281,0.03,0.0,0.07211712426721842,435.0,P,38.825,38.35,39.3,82.0,2369.0,2026-03-20
2026-02-21,397.2300109863281,0.03,0.0,0.07211712426721842,440.0,P,44.1,43.0,45.2,429.0,5832.0,2026-03-20
2026-02-21,397.2300109863281,0.03,0.0,0.07211712426721842,445.0,P,48.375,47.25,49.5,88.0,2398.0,2026-03-20
2026-02-21,397.2300109863281,0.03,0.0,0.07211712426721842,450.0,P,53.375,52.2,54.55,1453.0,5844.0,2026-03-20
2026-02-21,397.2300109863281,0.03,0.0,0.07211712426721842,455.0,P,58.125,57.0,59.25,101.0,2593.0,2026-03-20
2026-02-21,397.2300109863281,0.03,0.0,0.07211712426721842,460.0,P,63.025,62.0,64.05,457.0,2589.0,2026-03-20
2026-02-21,397.2300109863281,0.03,0.0,0.07211712426721842,465.0,P,67.575,66.45,68.7,692.0,2412.0,2026-03-20
2026-02-21,397.2300109863281,0.03,0.0,0.07211712426721842,470.0,P,72.975,71.15,74.8,100.0,1615.0,2026-03-20
2026-02-21,397.2300109863281,0.03,0.0,0.07211712426721842,475.0,P,77.80000000000001,75.9,79.7,364.0,1303.0,2026-03-20
2026-02-21,397.2300109863281,0.03,0.0,0.07211712426721842,480.0,P,82.65,80.9,84.4,13652.0,1530.0,2026-03-20
2026-02-21,397.2300109863281,0.03,0.0,0.07211712426721842,485.0,P,87.65,85.9,89.4,6994.0,480.0,2026-03-20
2026-02-21,397.2300109863281,0.03,0.0,0.07211712426721842,490.0,P,92.80000000000001,90.9,94.7,15715.0,1342.0,2026-03-20
2026-02-21,397.2300109863281,0.03,0.0,0.07211712426721842,495.0,P,97.775,95.85,99.7,8076.0,545.0,2026-03-20
2026-02-21,397.2300109863281,0.03,0.0,0.07211712426721842,500.0,P,102.725,100.85,104.6,14363.0,1123.0,2026-03-20
2026-02-21,397.2300109863281,0.03,0.0,0.07211712426721842,505.0,P,107.75,105.8,109.7,6022.0,503.0,2026-03-20
2026-02-21,397.2300109863281,0.03,0.0,0.07211712426721842,510.0,P,112.725,110.8,114.65,5878.0,442.0,2026-03-20
2026-02-21,397.2300109863281,0.03,0.0,0.07211712426721842,515.0,P,117.775,115.85,119.7,10501.0,693.0,2026-03-20
2026-02-21,397.2300109863281,0.03,0.0,0.07211712426721842,520.0,P,122.775,120.85,124.7,4403.0,336.0,2026-03-20
2026-02-21,397.2300109863281,0.03,0.0,0.07211712426721842,525.0,P,127.75,125.8,129.7,4601.0,301.0,2026-03-20
2026-02-21,397.2300109863281,0.03,0.0,0.07211712426721842,530.0,P,132.77499999999998,130.85,134.7,2061.0,167.0,2026-03-20
2026-02-21,397.2300109863281,0.03,0.0,0.07211712426721842,535.0,P,137.75,135.85,139.65,1645.0,131.0,2026-03-20
2026-02-21,397.2300109863281,0.03,0.0,0.07211712426721842,540.0,P,142.8,140.9,144.7,5522.0,0.0,2026-03-20
2026-02-21,397.2300109863281,0.03,0.0,0.07211712426721842,545.0,P,147.8,145.8,149.8,1420.0,0.0,2026-03-20
2026-02-21,397.2300109863281,0.03,0.0,0.07211712426721842,550.0,P,152.725,150.85,154.6,62.0,6.0,2026-03-20
2026-02-21,397.2300109863281,0.03,0.0,0.07211712426721842,555.0,P,157.77499999999998,155.85,159.7,32.0,0.0,2026-03-20
2026-02-21,397.2300109863281,0.03,0.0,0.07211712426721842,560.0,P,162.8,160.9,164.7,20.0,0.0,2026-03-20
2026-02-21,397.2300109863281,0.03,0.0,0.07211712426721842,565.0,P,167.77499999999998,165.85,169.7,1.0,0.0,2026-03-20
2026-02-21,397.2300109863281,0.03,0.0,0.07211712426721842,570.0,P,172.75,170.8,174.7,311.0,0.0,2026-03-20
2026-02-21,397.2300109863281,0.03,0.0,0.07211712426721842,575.0,P,170.77499999999998,169.1,172.45,22.0,0.0,2026-03-20
2026-02-21,397.2300109863281,0.03,0.0,0.07211712426721842,580.0,P,102.475,100.6,104.35,1.0,0.0,2026-03-20
2026-02-21,397.2300109863281,0.03,0.0,0.07211712426721842,585.0,P,107.625,105.9,109.35,,0.0,2026-03-20
2026-02-21,397.2300109863281,0.03,0.0,0.07211712426721842,590.0,P,100.175,98.85,101.5,2.0,0.0,2026-03-20
2026-02-21,397.2300109863281,0.03,0.0,0.07211712426721842,595.0,P,117.65,115.95,119.35,1.0,0.0,2026-03-20
2026-02-21,397.2300109863281,0.03,0.0,0.07211712426721842,600.0,P,202.72500000000002,200.8,204.65,1.0,0.0,2026-03-20
2026-02-21,397.2300109863281,0.03,0.0,0.07211712426721842,610.0,P,212.77499999999998,210.85,214.7,1.0,0.0,2026-03-20
2026-02-21,397.2300109863281,0.03,0.0,0.07211712426721842,620.0,P,222.77499999999998,220.85,224.7,1.0,0.0,2026-03-20
2026-02-21,397.2300109863281,0.03,0.0,0.07211712426721842,630.0,P,140.075,138.75,141.4,2.0,0.0,2026-03-20
2026-02-21,397.2300109863281,0.03,0.0,0.07211712426721842,640.0,P,150.1,148.75,151.45,13.0,0.0,2026-03-20
2026-02-21,397.2300109863281,0.03,0.0,0.07211712426721842,650.0,P,160.075,158.75,161.4,1.0,0.0,2026-03-20
2026-02-21,397.2300109863281,0.03,0.0,0.07211712426721842,660.0,P,170.075,168.75,171.4,17.0,0.0,2026-03-20
